06/10/2019,"Reference: AT192800008000010012723"," 8,86","UBER EATS SAN FRANCISCO","9.48 USD COMM.FEE 0.17 Buchungsdatum 06/10/2019 Referenzwechselkurs 1.0909 Entgelt in &#8364; 0,17",
07/10/2019,"Reference: AT192810007000010037440"," 8,41","MAMAS PIZZA ALPHARETTA ALPHARETTA","9.00 USD COMM.FEE 0.16 Buchungsdatum 08/10/2019 Referenzwechselkurs 1.0909 Entgelt in &#8364; 0,16",
07/10/2019,"Reference: AT192810007000010038476"," 11,45","PUBLIX #1061 000001061 ATLANTA","12.25 USD COMM.FEE 0.22 EINKAUF: REFER TO RECEIPT ANZAHL: 000 BETRAG: .00 EINKAUF: ANZAHL: 000 BETRAG: .00 EINKAUF: ANZAHL: 000 BETRAG: .00 EINKAUF: ANZAHL: 000 BETRAG: .00 EINKAUF: ANZAHL: 000 BETRAG: .00 Buchungsdatum 08/10/2019 Referenzwechselkurs 1.0908 Entgelt in &#8364; 0,22  EINKAUF: REFER TO RECEIPT ANZAHL: 000 BETRAG: .00 EINKAUF: ANZAHL: 000 BETRAG: .00 EINKAUF: ANZAHL: 000 BETRAG: .00 EINKAUF: ANZAHL: 000 BETRAG: .00 EINKAUF: ANZAHL: 000 BETRAG: .00",
08/10/2019,"Reference: AT192810007000010033503"," 18,81","Bundesamt f r Justiz Bern","20.00 CHF COMM.FEE 0.37 EINKAUF: OAPBJ-B65260508BD-8 ANZAHL: 000 BETRAG: .00 EINKAUF: 82715620_0000 ANZAHL: 000 BETRAG: .00 EINKAUF: ANZAHL: 000 BETRAG: .00 EINKAUF: ANZAHL: 000 BETRAG: .00 EINKAUF: ANZAHL: 000 BETRAG: .00 Buchungsdatum 08/10/2019 Referenzwechselkurs 1.0846 Entgelt in &#8364; 0,37  EINKAUF: OAPBJ-B65260508BD-8 ANZAHL: 000 BETRAG: .00 EINKAUF: 82715620_0000 ANZAHL: 000 BETRAG: .00 EINKAUF: ANZAHL: 000 BETRAG: .00 EINKAUF: ANZAHL: 000 BETRAG: .00 EINKAUF: ANZAHL: 000 BETRAG: .00",
08/10/2019,"Reference: AT192820034000010002522"," 12,41","UBER EATS SAN FRANCISCO","13.26 USD COMM.FEE 0.24 Buchungsdatum 09/10/2019 Referenzwechselkurs 1.0896 Entgelt in &#8364; 0,24",
09/10/2019,"Reference: AT192830007000010045712"," 16,83","FBI IDENTIFICATION RECO CLARKSBURG","18.00 USD COMM.FEE 0.33 Buchungsdatum 10/10/2019 Referenzwechselkurs 1.0909 Entgelt in &#8364; 0,33",
10/10/2019,"Reference: AT192840010000010044168"," 22,62","RYANAIR LTD AIRLINE DUBLIN","Flugstrecke: ATHENS Abflug:23/11/19 Von: BUCHAREST OTOPENI Fluglinie: FR Klasse: N Flugschein Nummer: C61PSG Fluggast: PADMAKUMARAMALLIKAARACHCH Buchungsdatum 11/10/2019  Flugstrecke: ATHENS Abflug:23/11/19 Von: BUCHAREST OTOPENI Fluglinie: FR Klasse: N Flugschein Nummer: C61PSG Fluggast: PADMAKUMARAMALLIKAARACHCH",
10/10/2019,"Reference: AT192840010000010044169"," 26,61","RYANAIR LTD AIRLINE DUBLIN","Flugstrecke: ROME CIAMPINO APT Abflug:27/11/19 Von: COPENHAGEN APT Fluglinie: FR Klasse: T Flugschein Nummer: V7GTXG Fluggast: PADMAKUMARAMALLIKAARACHCH Buchungsdatum 11/10/2019  Flugstrecke: ROME CIAMPINO APT Abflug:27/11/19 Von: COPENHAGEN APT Fluglinie: FR Klasse: T Flugschein Nummer: V7GTXG Fluggast: PADMAKUMARAMALLIKAARACHCH",
10/10/2019,"Reference: AT192840010000010044170"," 21,31","RYANAIR LTD AIRLINE DUBLIN","Flugstrecke: BUCHAREST OTOPENI Abflug:25/11/19 Von: ROME CIAMPINO APT Fluglinie: FR Klasse: T Flugschein Nummer: W75IGG Fluggast: PADMAKUMARAMALLIKAARACHCH Buchungsdatum 11/10/2019  Flugstrecke: BUCHAREST OTOPENI Abflug:25/11/19 Von: ROME CIAMPINO APT Fluglinie: FR Klasse: T Flugschein Nummer: W75IGG Fluggast: PADMAKUMARAMALLIKAARACHCH",
10/10/2019,"Reference: AT192840010000010044171"," 10,85","RYANAIR LTD AIRLINE DUBLIN","Flugstrecke: COPENHAGEN APT Abflug:30/11/19 Von: NUREMBERG APT Fluglinie: FR Klasse: N Flugschein Nummer: WTTG7B Fluggast: PADMAKUMARAMALLIKAARACHCH Buchungsdatum 11/10/2019  Flugstrecke: COPENHAGEN APT Abflug:30/11/19 Von: NUREMBERG APT Fluglinie: FR Klasse: N Flugschein Nummer: WTTG7B Fluggast: PADMAKUMARAMALLIKAARACHCH",
10/10/2019,"Reference: AT192840027000010003419"," 11,77","UBER EATS SAN FRANCISCO","12.64 USD COMM.FEE 0.23 Buchungsdatum 11/10/2019 Referenzwechselkurs 1.0953 Entgelt in &#8364; 0,23",
11/10/2019,"Reference: AT192850016000010002540"," 24,47","UBER EATS SAN FRANCISCO","26.27 USD COMM.FEE 0.48 Buchungsdatum 12/10/2019 Referenzwechselkurs 1.095 Entgelt in &#8364; 0,48",
12/10/2019,"Reference: AT192870011000010016236"," 69,89","LA CABANA MEXICAN RESTA DILLARD","75.00 USD COMM.FEE 1.37 Buchungsdatum 13/10/2019 Referenzwechselkurs 1.0946 Entgelt in &#8364; 1,37",
12/10/2019,"Reference: AT192870011000010017027"," 24,67","RYANAIR LTD AIRLINE DUBLIN","26.47 USD COMM.FEE 0.48 Flugstrecke: BUCHAREST OTOPENI Abflug:25/11/19 Von: ROME CIAMPINO APT Fluglinie: FR Klasse: W Flugschein Nummer: OU7PWR Fluggast: PADMAKUMARAMALLIKAARACHCH Buchungsdatum 14/10/2019 Referenzwechselkurs 1.0943 Entgelt in &#8364; 0,48  Flugstrecke: BUCHAREST OTOPENI Abflug:25/11/19 Von: ROME CIAMPINO APT Fluglinie: FR Klasse: W Flugschein Nummer: OU7PWR Fluggast: PADMAKUMARAMALLIKAARACHCH",
13/10/2019,"Reference: AT192880008000010035019"," 36,80","HELEN CHAMBER OF COMMER HELEN","39.50 USD COMM.FEE 0.72 Buchungsdatum 14/10/2019 Referenzwechselkurs 1.0948 Entgelt in &#8364; 0,72",
13/10/2019,"Reference: AT192890008000010038732"," 21,18","KING LUDWIGS BIERGARTEN HELEN","22.76 USD COMM.FEE 0.42 Buchungsdatum 15/10/2019 Referenzwechselkurs 1.0963 Entgelt in &#8364; 0,42",
14/10/2019,"Reference: AT192880008000010035843"," 8,76","ATLANTA AIRPORT ATLANTA","9.41 USD COMM.FEE 0.17 Buchungsdatum 15/10/2019 Referenzwechselkurs 1.0955 Entgelt in &#8364; 0,17",
16/10/2019,"Reference: AT192900017000010041250"," 56,41","RYANAIR LTD AIRLINE DUBLIN","Flugstrecke: PARIS,FRANCE Abflug:25/11/19 Von: ROME CIAMPINO APT Fluglinie: FR Klasse: H Flugschein Nummer: T5KRHZ Fluggast: WEERAPOLA/LANORKASUN MR Buchungsdatum 17/10/2019  Flugstrecke: PARIS,FRANCE Abflug:25/11/19 Von: ROME CIAMPINO APT Fluglinie: FR Klasse: H Flugschein Nummer: T5KRHZ Fluggast: WEERAPOLA/LANORKASUN MR",
16/10/2019,"Reference: AT192900017000010041251"," 18,65","RYANAIR LTD AIRLINE DUBLIN","Flugstrecke: ROME CIAMPINO APT Abflug:27/11/19 Von: COPENHAGEN APT Fluglinie: FR Klasse: N Flugschein Nummer: X7DPVW Fluggast: WEERAPOLA/LANORKASUN MR Buchungsdatum 17/10/2019  Flugstrecke: ROME CIAMPINO APT Abflug:27/11/19 Von: COPENHAGEN APT Fluglinie: FR Klasse: N Flugschein Nummer: X7DPVW Fluggast: WEERAPOLA/LANORKASUN MR",
17/10/2019,"Reference: AT192910007000010040849"," 54,10","EASYJET*EASYJET EXZPQ6B LUTON","394,00 DKK COMM.FEE 1.06 Flugstrecke: COPENHAGEN APT Abflug:29/11/19 Von: PARIS CHARLES DE G Fluglinie: U2 Klasse: Y Flugschein Nummer: EXZPQ6B Fluggast: LANOR KASUN WEERAPOLA Buchungsdatum 17/10/2019 Referenzwechselkurs 7.4284 Entgelt in &#8364; 1,06  Flugstrecke: COPENHAGEN APT Abflug:29/11/19 Von: PARIS CHARLES DE G Fluglinie: U2 Klasse: Y Flugschein Nummer: EXZPQ6B Fluggast: LANOR KASUN WEERAPOLA",
17/10/2019,"Reference: AT192910007000010040588"," 320,81","FAIRFIELD INN 354 BARTLESVILLE","346.26 USD COMM.FEE 6.29 Ankunftstag Abreisetag N chte 14/10/19 17/10/19 00 Buchungsdatum 18/10/2019 Referenzwechselkurs 1.1009 Entgelt in &#8364; 6,29  Ankunftstag Abreisetag N chte 14/10/19 17/10/19 00",
18/10/2019,"Reference: AT192920010000010032270"," 22,00","MARTA TVM 000018 16 ATLANTA","23.75 USD COMM.FEE 0.43 EINKAUF: OTHER TRANSP ANZAHL: 001 BETRAG: 23.75 EINKAUF: ANZAHL: 000 BETRAG: .00 EINKAUF: ANZAHL: 000 BETRAG: .00 EINKAUF: ANZAHL: 000 BETRAG: .00 EINKAUF: ANZAHL: 000 BETRAG: .00 Buchungsdatum 18/10/2019 Referenzwechselkurs 1.1011 Entgelt in &#8364; 0,43  EINKAUF: OTHER TRANSP ANZAHL: 001 BETRAG: 23.75 EINKAUF: ANZAHL: 000 BETRAG: .00 EINKAUF: ANZAHL: 000 BETRAG: .00 EINKAUF: ANZAHL: 000 BETRAG: .00 EINKAUF: ANZAHL: 000 BETRAG: .00",
18/10/2019,"Reference: AT192920010000010035898"," 9,81","MOES SW GRILL #104 0014 ALPHARETTA","10.65 USD COMM.FEE 0.19 EINKAUF: FAST FOOD RESTAURAN ANZAHL: 000 BETRAG: .00 EINKAUF: ANZAHL: 000 BETRAG: .00 EINKAUF: ANZAHL: 000 BETRAG: .00 EINKAUF: ANZAHL: 000 BETRAG: .00 EINKAUF: ANZAHL: 000 BETRAG: .00 Buchungsdatum 19/10/2019 Referenzwechselkurs 1.1071 Entgelt in &#8364; 0,19  EINKAUF: FAST FOOD RESTAURAN ANZAHL: 000 BETRAG: .00 EINKAUF: ANZAHL: 000 BETRAG: .00 EINKAUF: ANZAHL: 000 BETRAG: .00 EINKAUF: ANZAHL: 000 BETRAG: .00 EINKAUF: ANZAHL: 000 BETRAG: .00",
07/09/2019,"Reference: AT192510009000010014699"," 72,82","PP*CHIST TAXI RIVERDALE","78.28 USD COMM.FEE 1.43 EINKAUF: TAXICABS AND LIMOUS ANZAHL: 000 BETRAG: .00 EINKAUF: ANZAHL: 000 BETRAG: .00 EINKAUF: ANZAHL: 000 BETRAG: .00 EINKAUF: ANZAHL: 000 BETRAG: .00 EINKAUF: ANZAHL: 000 BETRAG: .00 Buchungsdatum 07/09/2019 Referenzwechselkurs 1.0965 Entgelt in &#8364; 1,43  EINKAUF: TAXICABS AND LIMOUS ANZAHL: 000 BETRAG: .00 EINKAUF: ANZAHL: 000 BETRAG: .00 EINKAUF: ANZAHL: 000 BETRAG: .00 EINKAUF: ANZAHL: 000 BETRAG: .00 EINKAUF: ANZAHL: 000 BETRAG: .00",
08/09/2019,"Reference: AT192510021000010001022"," 146,80","AIRBNB * HMAKSQHCK2 LONDON"," Buchungsdatum 08/09/2019",
09/09/2019,"Reference: AT192530031000010002628"," 15,04","AMZN MKTP US*N04495K93 AMZN.COM/BILL"," Buchungsdatum 10/09/2019",
09/09/2019,"Reference: AT192520011000010015663"," 7,53","UBER TRIP HELP.UBER.COM","8.10 USD COMM.FEE 0.15 Buchungsdatum 09/09/2019 Referenzwechselkurs 1.0976 Entgelt in &#8364; 0,15",
10/09/2019,"Reference: AT192540017000010036566"," 6,30","EXTREME TERIYAKI 0000 ALPHARETTA","6.78 USD COMM.FEE 0.12 EINKAUF: FAST FOOD RESTAURAN ANZAHL: 000 BETRAG: .00 EINKAUF: ANZAHL: 000 BETRAG: .00 EINKAUF: ANZAHL: 000 BETRAG: .00 EINKAUF: ANZAHL: 000 BETRAG: .00 EINKAUF: ANZAHL: 000 BETRAG: .00 Buchungsdatum 11/09/2019 Referenzwechselkurs 1.0971 Entgelt in &#8364; 0,12  EINKAUF: FAST FOOD RESTAURAN ANZAHL: 000 BETRAG: .00 EINKAUF: ANZAHL: 000 BETRAG: .00 EINKAUF: ANZAHL: 000 BETRAG: .00 EINKAUF: ANZAHL: 000 BETRAG: .00 EINKAUF: ANZAHL: 000 BETRAG: .00",
10/09/2019,"Reference: AT192540017000010039209"," 12,20","House of Hummus Alpharetta","13.12 USD COMM.FEE 0.24 Buchungsdatum 10/09/2019 Referenzwechselkurs 1.097 Entgelt in &#8364; 0,24",
10/09/2019,"Reference: AT192540017000010040825"," 141,67","TAKAS FOREIGN COLOMBO 07","27,489.00 LKR COMM.FEE 2.78 Buchungsdatum 11/09/2019 Referenzwechselkurs 197.9192 Entgelt in &#8364; 2,78",
10/09/2019,"Reference: AT192530031000010002453"," 7,84","UBER TRIP HELP.UBER.COM","8.43 USD COMM.FEE 0.15 Buchungsdatum 10/09/2019 Referenzwechselkurs 1.0962 Entgelt in &#8364; 0,15",
11/09/2019,"Reference: AT192540017000010037129"," -14,15","AIRASIA BHD SELANGOR, MALAY","21.00 SGD COMM.FEE 0.28 HAENDLER: airline EINKAUF: C4RLYE2019060800481 ANZAHL: 000 BETRAG: .00 EINKAUF: ANZAHL: 000 BETRAG: .00 EINKAUF: ANZAHL: 000 BETRAG: .00 EINKAUF: ANZAHL: 000 BETRAG: .00 EINKAUF: ANZAHL: 000 BETRAG: .00 Buchungsdatum 11/09/2019 Referenzwechselkurs 1.5141 Entgelt in &#8364; 0,28  HAENDLER: airline EINKAUF: C4RLYE2019060800481 ANZAHL: 000 BETRAG: .00 EINKAUF: ANZAHL: 000 BETRAG: .00 EINKAUF: ANZAHL: 000 BETRAG: .00 EINKAUF: ANZAHL: 000 BETRAG: .00 EINKAUF: ANZAHL: 000 BETRAG: .00",
11/09/2019,"Reference: AT192550017000010060806"," 10,03","PANERA BREAD #601336 00 ALPHARETTA","10.75 USD COMM.FEE 0.20 EINKAUF: FOOD/BEVERAGE ANZAHL: 000 BETRAG: .00 EINKAUF: ANZAHL: 000 BETRAG: .00 EINKAUF: ANZAHL: 000 BETRAG: .00 EINKAUF: ANZAHL: 000 BETRAG: .00 EINKAUF: ANZAHL: 000 BETRAG: .00 Buchungsdatum 12/09/2019 Referenzwechselkurs 1.0936 Entgelt in &#8364; 0,20  EINKAUF: FOOD/BEVERAGE ANZAHL: 000 BETRAG: .00 EINKAUF: ANZAHL: 000 BETRAG: .00 EINKAUF: ANZAHL: 000 BETRAG: .00 EINKAUF: ANZAHL: 000 BETRAG: .00 EINKAUF: ANZAHL: 000 BETRAG: .00",
12/09/2019,"Reference: AT192550017000010061241"," 499,30","AIRBNB * HMARJ5CC34 SAN FRANCISCO","535.02 USD COMM.FEE 9.79 Buchungsdatum 12/09/2019 Referenzwechselkurs 1.093 Entgelt in &#8364; 9,79",
12/09/2019,"Reference: AT192560018000010041753"," 7,87","MOES SW GRILL #104 0014 ALPHARETTA","8.39 USD COMM.FEE 0.15 EINKAUF: FAST FOOD RESTAURAN ANZAHL: 000 BETRAG: .00 EINKAUF: ANZAHL: 000 BETRAG: .00 EINKAUF: ANZAHL: 000 BETRAG: .00 EINKAUF: ANZAHL: 000 BETRAG: .00 EINKAUF: ANZAHL: 000 BETRAG: .00 Buchungsdatum 13/09/2019 Referenzwechselkurs 1.0868 Entgelt in &#8364; 0,15  EINKAUF: FAST FOOD RESTAURAN ANZAHL: 000 BETRAG: .00 EINKAUF: ANZAHL: 000 BETRAG: .00 EINKAUF: ANZAHL: 000 BETRAG: .00 EINKAUF: ANZAHL: 000 BETRAG: .00 EINKAUF: ANZAHL: 000 BETRAG: .00",
13/09/2019,"Reference: AT192570012000010037706"," 7,77","MOES SW GRILL #104 0014 ALPHARETTA","8.39 USD COMM.FEE 0.15 EINKAUF: FAST FOOD RESTAURAN ANZAHL: 000 BETRAG: .00 EINKAUF: ANZAHL: 000 BETRAG: .00 EINKAUF: ANZAHL: 000 BETRAG: .00 EINKAUF: ANZAHL: 000 BETRAG: .00 EINKAUF: ANZAHL: 000 BETRAG: .00 Buchungsdatum 14/09/2019 Referenzwechselkurs 1.101 Entgelt in &#8364; 0,15  EINKAUF: FAST FOOD RESTAURAN ANZAHL: 000 BETRAG: .00 EINKAUF: ANZAHL: 000 BETRAG: .00 EINKAUF: ANZAHL: 000 BETRAG: .00 EINKAUF: ANZAHL: 000 BETRAG: .00 EINKAUF: ANZAHL: 000 BETRAG: .00",
14/09/2019,"Reference: AT192580011000010016329"," 20,65","OMIO *OMIO BERLIN","22.28 USD COMM.FEE 0.40 Buchungsdatum 14/09/2019 Referenzwechselkurs 1.1002 Entgelt in &#8364; 0,40",
15/09/2019,"Reference: AT192590018000010015195"," 1316,86","EMBASSY SUITES EMBASSY ALPHARETTA","1,420.81 USD COMM.FEE 25.82 Ankunftstag Abreisetag N chte 15/09/19 15/09/19 00 Buchungsdatum 16/09/2019 Referenzwechselkurs 1.1005 Entgelt in &#8364; 25,82  Ankunftstag Abreisetag N chte 15/09/19 15/09/19 00",
15/09/2019,"Reference: AT192590018000010015035"," 89,90","MARTA ATLANTA 000018 16 ATLANTA","97.00 USD COMM.FEE 1.76 EINKAUF: FARE PRODUCT ANZAHL: 001 BETRAG: 97.00 EINKAUF: ANZAHL: 000 BETRAG: .00 EINKAUF: ANZAHL: 000 BETRAG: .00 EINKAUF: ANZAHL: 000 BETRAG: .00 EINKAUF: ANZAHL: 000 BETRAG: .00 Buchungsdatum 16/09/2019 Referenzwechselkurs 1.1005 Entgelt in &#8364; 1,76  EINKAUF: FARE PRODUCT ANZAHL: 001 BETRAG: 97.00 EINKAUF: ANZAHL: 000 BETRAG: .00 EINKAUF: ANZAHL: 000 BETRAG: .00 EINKAUF: ANZAHL: 000 BETRAG: .00 EINKAUF: ANZAHL: 000 BETRAG: .00",
15/09/2019,"Reference: AT192580025000010001399"," 14,22","UBER TRIP HELP.UBER.COM","15.35 USD COMM.FEE 0.28 Buchungsdatum 15/09/2019 Referenzwechselkurs 1.1011 Entgelt in &#8364; 0,28",
15/09/2019,"Reference: AT192590018000010015993"," 7,97","UBER TRIP HELP.UBER.COM","8.60 USD COMM.FEE 0.16 Buchungsdatum 15/09/2019 Referenzwechselkurs 1.1012 Entgelt in &#8364; 0,16",
16/09/2019,"Reference: AT192600017000010033385"," 54,68","AMAZON PRIME AMZN.COM/BILL","59.00 USD COMM.FEE 1.07 Buchungsdatum 16/09/2019 Referenzwechselkurs 1.1005 Entgelt in &#8364; 1,07",
16/09/2019,"Reference: AT192600017000010035490"," 8,29","MAMAS PIZZA ALPHARETTA ALPHARETTA","8.89 USD COMM.FEE 0.16 Buchungsdatum 17/09/2019 Referenzwechselkurs 1.0935 Entgelt in &#8364; 0,16",
20/09/2019,"Reference: AT192640011000010033738"," 18,58","ROSE + RYE ATLANTA","20.00 USD COMM.FEE 0.36 Buchungsdatum 20/09/2019 Referenzwechselkurs 1.0977 Entgelt in &#8364; 0,36",
20/09/2019,"Reference: AT192650011000010012741"," 22,12","TICKETSATWORK.COM 800-331-6483","23.75 USD COMM.FEE 0.43 Buchungsdatum 21/09/2019 Referenzwechselkurs 1.095 Entgelt in &#8364; 0,43",
20/09/2019,"Reference: AT192640011000010037652"," 9,54","WHOLEFDS AVL #10488 000 ALPHARETTA","10.24 USD COMM.FEE 0.19 EINKAUF: GROCERY STORES ANZAHL: 001 BETRAG: 10.24 EINKAUF: ANZAHL: 000 BETRAG: .00 EINKAUF: ANZAHL: 000 BETRAG: .00 EINKAUF: ANZAHL: 000 BETRAG: .00 EINKAUF: ANZAHL: 000 BETRAG: .00 Buchungsdatum 21/09/2019 Referenzwechselkurs 1.0952 Entgelt in &#8364; 0,19  EINKAUF: GROCERY STORES ANZAHL: 001 BETRAG: 10.24 EINKAUF: ANZAHL: 000 BETRAG: .00 EINKAUF: ANZAHL: 000 BETRAG: .00 EINKAUF: ANZAHL: 000 BETRAG: .00 EINKAUF: ANZAHL: 000 BETRAG: .00",
21/09/2019,"Reference: AT192650011000010013344"," 4,01","DIAMOND BROTHERS USA IN ATLANTA","4.31 USD COMM.FEE 0.08 EINKAUF: GROCERIES/SUNDRIES ANZAHL: 000 BETRAG: .00 EINKAUF: ANZAHL: 000 BETRAG: .00 EINKAUF: ANZAHL: 000 BETRAG: .00 EINKAUF: ANZAHL: 000 BETRAG: .00 EINKAUF: ANZAHL: 000 BETRAG: .00 Buchungsdatum 22/09/2019 Referenzwechselkurs 1.0967 Entgelt in &#8364; 0,08  EINKAUF: GROCERIES/SUNDRIES ANZAHL: 000 BETRAG: .00 EINKAUF: ANZAHL: 000 BETRAG: .00 EINKAUF: ANZAHL: 000 BETRAG: .00 EINKAUF: ANZAHL: 000 BETRAG: .00 EINKAUF: ANZAHL: 000 BETRAG: .00",
21/09/2019,"Reference: AT192650011000010013527"," 16,99","GEORGAAQUARIUM142793 93 ATLANTA","18.24 USD COMM.FEE 0.33 Buchungsdatum 22/09/2019 Referenzwechselkurs 1.0948 Entgelt in &#8364; 0,33",
21/09/2019,"Reference: AT192650011000010013528"," 2,99","GEORGAAQUARIUM142793 93 ATLANTA","3.21 USD COMM.FEE 0.06 Buchungsdatum 22/09/2019 Referenzwechselkurs 1.0956 Entgelt in &#8364; 0,06",
21/09/2019,"Reference: AT192660012000010012835"," 77,01","GEORGIA AQUARIUM 000000 ATLANTA","82.68 USD COMM.FEE 1.51 Buchungsdatum 22/09/2019 Referenzwechselkurs 1.0951 Entgelt in &#8364; 1,51",
22/09/2019,"Reference: AT192660012000010014595"," 12,89","BURGERFI ATLANTA INSTOR ATLANTA","13.84 USD COMM.FEE 0.25 EINKAUF: FOOD/BEVERAGE ANZAHL: 000 BETRAG: .00 EINKAUF: ANZAHL: 000 BETRAG: .00 EINKAUF: ANZAHL: 000 BETRAG: .00 EINKAUF: ANZAHL: 000 BETRAG: .00 EINKAUF: ANZAHL: 000 BETRAG: .00 Buchungsdatum 23/09/2019 Referenzwechselkurs 1.0949 Entgelt in &#8364; 0,25  EINKAUF: FOOD/BEVERAGE ANZAHL: 000 BETRAG: .00 EINKAUF: ANZAHL: 000 BETRAG: .00 EINKAUF: ANZAHL: 000 BETRAG: .00 EINKAUF: ANZAHL: 000 BETRAG: .00 EINKAUF: ANZAHL: 000 BETRAG: .00",
22/09/2019,"Reference: AT192660012000010012753"," 23,68","PUBLIX #1061 000001061 ATLANTA","25.43 USD COMM.FEE 0.46 EINKAUF: REFER TO RECEIPT ANZAHL: 000 BETRAG: .00 EINKAUF: ANZAHL: 000 BETRAG: .00 EINKAUF: ANZAHL: 000 BETRAG: .00 EINKAUF: ANZAHL: 000 BETRAG: .00 EINKAUF: ANZAHL: 000 BETRAG: .00 Buchungsdatum 23/09/2019 Referenzwechselkurs 1.0952 Entgelt in &#8364; 0,46  EINKAUF: REFER TO RECEIPT ANZAHL: 000 BETRAG: .00 EINKAUF: ANZAHL: 000 BETRAG: .00 EINKAUF: ANZAHL: 000 BETRAG: .00 EINKAUF: ANZAHL: 000 BETRAG: .00 EINKAUF: ANZAHL: 000 BETRAG: .00",
22/09/2019,"Reference: AT192650011000010012324"," 82,52","SPIRIT AIRLINES SOUTH FLORIDA","88.58 USD COMM.FEE 1.62 Flugstrecke: ATLANTA HARTSFIELD Abflug:06/12/19 Von: BALTIMORE WASHINGT Fluglinie: NK Klasse: G Nach: ATLANTA HARTSFIELD Fluglinie: NK Klasse: G Flugschein Nummer: V6MV9B Fluggast: PADMAKUMARAMALLIKAARACHCH Buchungsdatum 22/09/2019 Referenzwechselkurs 1.0949 Entgelt in &#8364; 1,62  Flugstrecke: ATLANTA HARTSFIELD Abflug:06/12/19 Von: BALTIMORE WASHINGT Fluglinie: NK Klasse: G Nach: ATLANTA HARTSFIELD Fluglinie: NK Klasse: G Flugschein Nummer: V6MV9B Fluggast: PADMAKUMARAMALLIKAARACHCH",
24/09/2019,"Reference: AT192680018000010042152"," 14,93","MAMAS PIZZA ALPHARETTA ALPHARETTA","16.00 USD COMM.FEE 0.29 Buchungsdatum 25/09/2019 Referenzwechselkurs 1.0929 Entgelt in &#8364; 0,29",
24/09/2019,"Reference: AT192690017000010038887"," 7,48","PARKHUB LIVENATION PARK DALLAS","8.00 USD COMM.FEE 0.15 Buchungsdatum 26/09/2019 Referenzwechselkurs 1.0914 Entgelt in &#8364; 0,15",
25/09/2019,"Reference: AT192690032000010003416"," 261,07","MOBLE DALLAS","278.96 USD COMM.FEE 5.12 Flugstrecke: ATLANTA HARTSFIELD Abflug:02/10/19 Von: ORLANDO INTERNATIO Fluglinie: WN Klasse: G Nach: ATLANTA HARTSFIELD Fluglinie: WN Klasse: T Flugschein Nummer: 5262123851130 Fluggast: PADMAKUMARA MALLIKAARACHC Buchungsdatum 26/09/2019 Referenzwechselkurs 1.0899 Entgelt in &#8364; 5,12  Flugstrecke: ATLANTA HARTSFIELD Abflug:02/10/19 Von: ORLANDO INTERNATIO Fluglinie: WN Klasse: G Nach: ATLANTA HARTSFIELD Fluglinie: WN Klasse: T Flugschein Nummer: 5262123851130 Fluggast: PADMAKUMARA MALLIKAARACHC",
26/09/2019,"Reference: AT192700007000010044775"," 8,44","MAMAS PIZZA ALPHARETTA ALPHARETTA","9.00 USD COMM.FEE 0.17 Buchungsdatum 27/09/2019 Referenzwechselkurs 1.0883 Entgelt in &#8364; 0,17",
26/09/2019,"Reference: AT192700007000010044829"," 20,78","PUBLIX #1061 000001061 ATLANTA","22.15 USD COMM.FEE 0.41 EINKAUF: REFER TO RECEIPT ANZAHL: 000 BETRAG: .00 EINKAUF: ANZAHL: 000 BETRAG: .00 EINKAUF: ANZAHL: 000 BETRAG: .00 EINKAUF: ANZAHL: 000 BETRAG: .00 EINKAUF: ANZAHL: 000 BETRAG: .00 Buchungsdatum 27/09/2019 Referenzwechselkurs 1.0874 Entgelt in &#8364; 0,41  EINKAUF: REFER TO RECEIPT ANZAHL: 000 BETRAG: .00 EINKAUF: ANZAHL: 000 BETRAG: .00 EINKAUF: ANZAHL: 000 BETRAG: .00 EINKAUF: ANZAHL: 000 BETRAG: .00 EINKAUF: ANZAHL: 000 BETRAG: .00",
27/09/2019,"Reference: AT192730007000010014015"," 8,45","Mr. Taco (ALPHARETTA, ALPHARETTA","9.00 USD COMM.FEE 0.17 Buchungsdatum 29/09/2019 Referenzwechselkurs 1.087 Entgelt in &#8364; 0,17",
29/09/2019,"Reference: AT192730007000010014196"," 5,07","FERNBANK MUSEUM ATLANTA","5.40 USD COMM.FEE 0.10 Buchungsdatum 29/09/2019 Referenzwechselkurs 1.0865 Entgelt in &#8364; 0,10",
29/09/2019,"Reference: AT192740007000010034276"," 5,83","FERNBANK MUSEUM OF NAT ATLANTA","6.21 USD COMM.FEE 0.11 Buchungsdatum 30/09/2019 Referenzwechselkurs 1.0857 Entgelt in &#8364; 0,11",
29/09/2019,"Reference: AT192730007000010014939"," 10,72","LYFT *RIDE SUN 1PM SAN FRANCISCO","11.41 USD COMM.FEE 0.21 Buchungsdatum 29/09/2019 Referenzwechselkurs 1.0856 Entgelt in &#8364; 0,21",
29/09/2019,"Reference: AT192730007000010015719"," 10,97","PUBLIX #1061 000001061 ATLANTA","11.68 USD COMM.FEE 0.22 EINKAUF: REFER TO RECEIPT ANZAHL: 000 BETRAG: .00 EINKAUF: ANZAHL: 000 BETRAG: .00 EINKAUF: ANZAHL: 000 BETRAG: .00 EINKAUF: ANZAHL: 000 BETRAG: .00 EINKAUF: ANZAHL: 000 BETRAG: .00 Buchungsdatum 30/09/2019 Referenzwechselkurs 1.0865 Entgelt in &#8364; 0,22  EINKAUF: REFER TO RECEIPT ANZAHL: 000 BETRAG: .00 EINKAUF: ANZAHL: 000 BETRAG: .00 EINKAUF: ANZAHL: 000 BETRAG: .00 EINKAUF: ANZAHL: 000 BETRAG: .00 EINKAUF: ANZAHL: 000 BETRAG: .00",
30/09/2019,"Reference: AT192730007000010015496"," -502,83","AIRBNB SAN FRANCISCO","535.02 USD COMM.FEE 9.86 Buchungsdatum 30/09/2019 Referenzwechselkurs 1.0853 Entgelt in &#8364; 9,86",
30/09/2019,"Reference: AT192740007000010032651"," 798,23","AIRBNB * HMAFDXQ3Y2 SAN FRANCISCO","849.33 USD COMM.FEE 15.65 Buchungsdatum 30/09/2019 Referenzwechselkurs 1.0853 Entgelt in &#8364; 15,65",
02/10/2019,"Reference: AT192770015000010018085"," 6,76","HILTON DISNEY RESTRNT H ORLANDO","7.19 USD COMM.FEE 0.13 Buchungsdatum 03/10/2019 Referenzwechselkurs 1.0845 Entgelt in &#8364; 0,13",
02/10/2019,"Reference: AT192760010000010041464"," 33,66","RAGLAN ROAD IRISH PUB 0 LAKE BUENA VI","35.80 USD COMM.FEE 0.66 EINKAUF: FOOD/BEVERAGE ANZAHL: 000 BETRAG: .00 EINKAUF: ANZAHL: 000 BETRAG: .00 EINKAUF: ANZAHL: 000 BETRAG: .00 EINKAUF: ANZAHL: 000 BETRAG: .00 EINKAUF: ANZAHL: 000 BETRAG: .00 Buchungsdatum 03/10/2019 Referenzwechselkurs 1.0848 Entgelt in &#8364; 0,66  EINKAUF: FOOD/BEVERAGE ANZAHL: 000 BETRAG: .00 EINKAUF: ANZAHL: 000 BETRAG: .00 EINKAUF: ANZAHL: 000 BETRAG: .00 EINKAUF: ANZAHL: 000 BETRAG: .00 EINKAUF: ANZAHL: 000 BETRAG: .00",
02/10/2019,"Reference: AT192760010000010040022"," 131,24","SPIRIT AIRLINES SOUTH FLORIDA","139.59 USD COMM.FEE 2.57 Flugstrecke: ATLANTA HARTSFIELD Abflug:01/11/19 Von: NEW ORLEANS INTERN Fluglinie: NK Klasse: U Nach: ATLANTA HARTSFIELD Fluglinie: NK Klasse: R Flugschein Nummer: Y9SHUY Fluggast: PADMAKUMARAMALLIKAARACHCH Buchungsdatum 03/10/2019 Referenzwechselkurs 1.0849 Entgelt in &#8364; 2,57  Flugstrecke: ATLANTA HARTSFIELD Abflug:01/11/19 Von: NEW ORLEANS INTERN Fluglinie: NK Klasse: U Nach: ATLANTA HARTSFIELD Fluglinie: NK Klasse: R Flugschein Nummer: Y9SHUY Fluggast: PADMAKUMARAMALLIKAARACHCH",
02/10/2019,"Reference: AT192760010000010040188"," 9,23","Varsity Term C ATL 1549 Atlanta","9.82 USD COMM.FEE 0.18 Buchungsdatum 03/10/2019 Referenzwechselkurs 1.0851 Entgelt in &#8364; 0,18",
04/10/2019,"Reference: AT192780006000010018961"," 11,05","1931 ASIAN CHAO ORIENTA ORLANDO","11.82 USD COMM.FEE 0.22 Buchungsdatum 05/10/2019 Referenzwechselkurs 1.0914 Entgelt in &#8364; 0,22",
04/10/2019,"Reference: 10000000010923999767290"," -634,41","LASTSCHRIFTEINZUG - VIELEN DANK"," Buchungsdatum 04/10/2019",
05/10/2019,"Reference: AT192790021000010001407"," 17,14","UBER EATS SAN FRANCISCO","18.33 USD COMM.FEE 0.34 Buchungsdatum 06/10/2019 Referenzwechselkurs 1.0911 Entgelt in &#8364; 0,34",
05/08/2019,"Reference: AT192190009000010030459"," 181,48","SRI LANKAN AIR LINES IP COLOMBO 01","35,074.00 LKR COMM.FEE 3.56 Buchungsdatum 07/08/2019 Referenzwechselkurs 197.1335 Entgelt in &#8364; 3,56",
07/08/2019,"Reference: AT192190009000010031871"," 4,13","GOJEK SINGAPORE","6.20 SGD COMM.FEE 0.08 HAENDLER: TRANSPORTATION SERVICES EINKAUF: c1d69863da6841cfa28 ANZAHL: 000 BETRAG: .00 EINKAUF: ANZAHL: 000 BETRAG: .00 EINKAUF: ANZAHL: 000 BETRAG: .00 EINKAUF: ANZAHL: 000 BETRAG: .00 EINKAUF: ANZAHL: 000 BETRAG: .00 Buchungsdatum 07/08/2019 Referenzwechselkurs 1.5309 Entgelt in &#8364; 0,08  HAENDLER: TRANSPORTATION SERVICES EINKAUF: c1d69863da6841cfa28 ANZAHL: 000 BETRAG: .00 EINKAUF: ANZAHL: 000 BETRAG: .00 EINKAUF: ANZAHL: 000 BETRAG: .00 EINKAUF: ANZAHL: 000 BETRAG: .00 EINKAUF: ANZAHL: 000 BETRAG: .00",
10/08/2019,"Reference: AT192240007000010012783"," 4,62","GRABTAXI (THAILAND) CO. SINGAPORE","155.00 THB COMM.FEE 0.09 Buchungsdatum 11/08/2019 Referenzwechselkurs 34.2163 Entgelt in &#8364; 0,09",
10/08/2019,"Reference: AT192240007000010012784"," 4,20","GRABTAXI (THAILAND) CO. SINGAPORE","141.00 THB COMM.FEE 0.08 Buchungsdatum 11/08/2019 Referenzwechselkurs 34.2233 Entgelt in &#8364; 0,08",
11/08/2019,"Reference: AT192250016000010027638"," 6,56","GRABTAXI (THAILAND) CO. SINGAPORE","220.00 THB COMM.FEE 0.13 Buchungsdatum 12/08/2019 Referenzwechselkurs 34.2146 Entgelt in &#8364; 0,13",
12/08/2019,"Reference: AT192260011000010030542"," 5,64","GRABTAXI (THAILAND) CO. SINGAPORE","190.00 THB COMM.FEE 0.11 Buchungsdatum 13/08/2019 Referenzwechselkurs 34.358 Entgelt in &#8364; 0,11",
12/08/2019,"Reference: AT192260011000010030543"," 5,11","GRABTAXI (THAILAND) CO. SINGAPORE","172.00 THB COMM.FEE 0.10 Buchungsdatum 13/08/2019 Referenzwechselkurs 34.3313 Entgelt in &#8364; 0,10",
13/08/2019,"Reference: AT192250016000010031765"," 10,04","GOJEK SINGAPORE","15.20 SGD COMM.FEE 0.20 HAENDLER: TRANSPORTATION SERVICES EINKAUF: b4d07d1c3d53438497d ANZAHL: 000 BETRAG: .00 EINKAUF: ANZAHL: 000 BETRAG: .00 EINKAUF: ANZAHL: 000 BETRAG: .00 EINKAUF: ANZAHL: 000 BETRAG: .00 EINKAUF: ANZAHL: 000 BETRAG: .00 Buchungsdatum 13/08/2019 Referenzwechselkurs 1.5447 Entgelt in &#8364; 0,20  HAENDLER: TRANSPORTATION SERVICES EINKAUF: b4d07d1c3d53438497d ANZAHL: 000 BETRAG: .00 EINKAUF: ANZAHL: 000 BETRAG: .00 EINKAUF: ANZAHL: 000 BETRAG: .00 EINKAUF: ANZAHL: 000 BETRAG: .00 EINKAUF: ANZAHL: 000 BETRAG: .00",
14/08/2019,"Reference: AT192260011000010033527"," -28,43","AIRASIA BHD KLIA, SEPANG","42.80 SGD COMM.FEE 0.56 HAENDLER: Airline EINKAUF: T1BSYT2019070202850 ANZAHL: 000 BETRAG: .00 EINKAUF: ANZAHL: 000 BETRAG: .00 EINKAUF: ANZAHL: 000 BETRAG: .00 EINKAUF: ANZAHL: 000 BETRAG: .00 EINKAUF: ANZAHL: 000 BETRAG: .00 Buchungsdatum 14/08/2019 Referenzwechselkurs 1.5357 Entgelt in &#8364; 0,56  HAENDLER: Airline EINKAUF: T1BSYT2019070202850 ANZAHL: 000 BETRAG: .00 EINKAUF: ANZAHL: 000 BETRAG: .00 EINKAUF: ANZAHL: 000 BETRAG: .00 EINKAUF: ANZAHL: 000 BETRAG: .00 EINKAUF: ANZAHL: 000 BETRAG: .00",
16/08/2019,"Reference: AT192300007000010011050"," 16,05","GPAY NETWORK (S) PTE LT SINGAPORE","24.00 SGD COMM.FEE 0.31 Buchungsdatum 17/08/2019 Referenzwechselkurs 1.5248 Entgelt in &#8364; 0,31",
16/08/2019,"Reference: AT192300007000010011044"," 3,51","GPAY NETWORK ASIA PTE L SINGAPORE","15,500.00 KHR COMM.FEE 0.07 Buchungsdatum 17/08/2019 Referenzwechselkurs 4505.814 Entgelt in &#8364; 0,07",
17/08/2019,"Reference: AT192310008000010011787"," 1,19","GPAY NETWORK ASIA PTE L SINGAPORE","5,300.00 KHR COMM.FEE 0.02 Buchungsdatum 18/08/2019 Referenzwechselkurs 4529.9145 Entgelt in &#8364; 0,02",
17/08/2019,"Reference: AT192310008000010011788"," 1,34","GPAY NETWORK ASIA PTE L SINGAPORE","5,900.00 KHR COMM.FEE 0.03 Buchungsdatum 18/08/2019 Referenzwechselkurs 4503.8168 Entgelt in &#8364; 0,03",
17/08/2019,"Reference: AT192310008000010011789"," 0,89","GPAY NETWORK ASIA PTE L SINGAPORE","3,900.00 KHR COMM.FEE 0.02 Buchungsdatum 18/08/2019 Referenzwechselkurs 4482.7586 Entgelt in &#8364; 0,02",
18/08/2019,"Reference: AT192320017000010031109"," 1,42","GPAY NETWORK ASIA PTE L SINGAPORE","6,300.00 KHR COMM.FEE 0.03 Buchungsdatum 19/08/2019 Referenzwechselkurs 4532.3741 Entgelt in &#8364; 0,03",
18/08/2019,"Reference: AT192320017000010031110"," 1,58","GPAY NETWORK ASIA PTE L SINGAPORE","7,000.00 KHR COMM.FEE 0.03 Buchungsdatum 19/08/2019 Referenzwechselkurs 4516.129 Entgelt in &#8364; 0,03",
19/08/2019,"Reference: AT192330017000010033565"," 1,29","GPAY NETWORK ASIA PTE L SINGAPORE","5,700.00 KHR COMM.FEE 0.03 Buchungsdatum 20/08/2019 Referenzwechselkurs 4523.8095 Entgelt in &#8364; 0,03",
19/08/2019,"Reference: AT192330017000010033566"," 1,49","GPAY NETWORK ASIA PTE L SINGAPORE","6,600.00 KHR COMM.FEE 0.03 Buchungsdatum 20/08/2019 Referenzwechselkurs 4520.5479 Entgelt in &#8364; 0,03",
20/08/2019,"Reference: AT192330017000010032401"," 11,29","GOJEK SINGAPORE","16.90 SGD COMM.FEE 0.22 HAENDLER: TRANSPORTATION SERVICES EINKAUF: 4c4cd16ff52b48beb46 ANZAHL: 000 BETRAG: .00 EINKAUF: ANZAHL: 000 BETRAG: .00 EINKAUF: ANZAHL: 000 BETRAG: .00 EINKAUF: ANZAHL: 000 BETRAG: .00 EINKAUF: ANZAHL: 000 BETRAG: .00 Buchungsdatum 21/08/2019 Referenzwechselkurs 1.5266 Entgelt in &#8364; 0,22  HAENDLER: TRANSPORTATION SERVICES EINKAUF: 4c4cd16ff52b48beb46 ANZAHL: 000 BETRAG: .00 EINKAUF: ANZAHL: 000 BETRAG: .00 EINKAUF: ANZAHL: 000 BETRAG: .00 EINKAUF: ANZAHL: 000 BETRAG: .00 EINKAUF: ANZAHL: 000 BETRAG: .00",
20/08/2019,"Reference: AT192330017000010032402"," 12,36","GOJEK SINGAPORE","18.50 SGD COMM.FEE 0.24 HAENDLER: TRANSPORTATION SERVICES EINKAUF: 1fe93574c4cb427598c ANZAHL: 000 BETRAG: .00 EINKAUF: ANZAHL: 000 BETRAG: .00 EINKAUF: ANZAHL: 000 BETRAG: .00 EINKAUF: ANZAHL: 000 BETRAG: .00 EINKAUF: ANZAHL: 000 BETRAG: .00 Buchungsdatum 21/08/2019 Referenzwechselkurs 1.5264 Entgelt in &#8364; 0,24  HAENDLER: TRANSPORTATION SERVICES EINKAUF: 1fe93574c4cb427598c ANZAHL: 000 BETRAG: .00 EINKAUF: ANZAHL: 000 BETRAG: .00 EINKAUF: ANZAHL: 000 BETRAG: .00 EINKAUF: ANZAHL: 000 BETRAG: .00 EINKAUF: ANZAHL: 000 BETRAG: .00",
25/08/2019,"Reference: AT192370022000010001472"," 44,12","BE DUTY FREE-KLIA2 SEPANG","200.00 MYR COMM.FEE 0.87 Buchungsdatum 25/08/2019 Referenzwechselkurs 4.6243 Entgelt in &#8364; 0,87",
25/08/2019,"Reference: AT192370022000010001475"," 84,18","BE DUTY FREE-KLIA2 SEPANG","381.60 MYR COMM.FEE 1.65 Buchungsdatum 25/08/2019 Referenzwechselkurs 4.6238 Entgelt in &#8364; 1,65",
25/08/2019,"Reference: AT192370022000010001473"," 31,76","ERAMAN RETAIL-KLIA2 SEPANG","144.00 MYR COMM.FEE 0.62 Buchungsdatum 25/08/2019 Referenzwechselkurs 4.6243 Entgelt in &#8364; 0,62",
25/08/2019,"Reference: AT192370022000010001474"," 68,16","ERAMAN RETAIL-KLIA2 SEPANG","309.00 MYR COMM.FEE 1.34 Buchungsdatum 25/08/2019 Referenzwechselkurs 4.6244 Entgelt in &#8364; 1,34",
25/08/2019,"Reference: AT192390007000010032201"," 144,00","FLEMINGO ARRIVAL LOUNGE KATUNAYAKE","156.00 USD COMM.FEE 2.82 Buchungsdatum 27/08/2019 Referenzwechselkurs 1.105 Entgelt in &#8364; 2,82",
25/08/2019,"Reference: AT192370009000010010731"," 10,94","GOJEK SINGAPORE","16.40 SGD COMM.FEE 0.21 HAENDLER: TRANSPORTATION SERVICES EINKAUF: 8708ba0a95064e2f8f4 ANZAHL: 000 BETRAG: .00 EINKAUF: ANZAHL: 000 BETRAG: .00 EINKAUF: ANZAHL: 000 BETRAG: .00 EINKAUF: ANZAHL: 000 BETRAG: .00 EINKAUF: ANZAHL: 000 BETRAG: .00 Buchungsdatum 25/08/2019 Referenzwechselkurs 1.5284 Entgelt in &#8364; 0,21  HAENDLER: TRANSPORTATION SERVICES EINKAUF: 8708ba0a95064e2f8f4 ANZAHL: 000 BETRAG: .00 EINKAUF: ANZAHL: 000 BETRAG: .00 EINKAUF: ANZAHL: 000 BETRAG: .00 EINKAUF: ANZAHL: 000 BETRAG: .00 EINKAUF: ANZAHL: 000 BETRAG: .00",
03/09/2019,"Reference: 10000000010822999732550"," -1510,04","LASTSCHRIFTEINZUG - VIELEN DANK"," Buchungsdatum 03/09/2019",
05/09/2019,"Reference: AT192480023000010002048"," -8,79","AIRASIA AK AX - EC SEPANG","39.71 MYR COMM.FEE 0.17 Buchungsdatum 05/09/2019 Referenzwechselkurs 4.6067 Entgelt in &#8364; 0,17",
15/07/2019,"Reference: AT191960007000010014640"," 61,78","AIRASIA BHD SELANGOR, MALAY","92.00 SGD COMM.FEE 1.21 HAENDLER: airline EINKAUF: MTLKJZ2019071506007 ANZAHL: 000 BETRAG: .00 EINKAUF: ANZAHL: 000 BETRAG: .00 EINKAUF: ANZAHL: 000 BETRAG: .00 EINKAUF: ANZAHL: 000 BETRAG: .00 EINKAUF: ANZAHL: 000 BETRAG: .00 Buchungsdatum 15/07/2019 Referenzwechselkurs 1.5189 Entgelt in &#8364; 1,21  HAENDLER: airline EINKAUF: MTLKJZ2019071506007 ANZAHL: 000 BETRAG: .00 EINKAUF: ANZAHL: 000 BETRAG: .00 EINKAUF: ANZAHL: 000 BETRAG: .00 EINKAUF: ANZAHL: 000 BETRAG: .00 EINKAUF: ANZAHL: 000 BETRAG: .00",
15/07/2019,"Reference: AT191970007000010031161"," 126,93","JETSTARASIA AUSTRALIA AUSTRALIA","189.01 SGD COMM.FEE 2.49 Flugstrecke: SINGAPORE CHANGI A Abflug:16/08/19 Von: SIEM REAP Fluglinie: 3K Klasse: 00 Nach: SINGAPORE CHANGI A Fluglinie: 3K Klasse: 00 Flugschein Nummer: PWPLPE Fluggast: D PADMAKUMARAMALLIKAARACH Buchungsdatum 15/07/2019 Referenzwechselkurs 1.5189 Entgelt in &#8364; 2,49  Flugstrecke: SINGAPORE CHANGI A Abflug:16/08/19 Von: SIEM REAP Fluglinie: 3K Klasse: 00 Nach: SINGAPORE CHANGI A Fluglinie: 3K Klasse: 00 Flugschein Nummer: PWPLPE Fluggast: D PADMAKUMARAMALLIKAARACH",
15/07/2019,"Reference: AT191970007000010031162"," 112,43","JETSTARASIA AUSTRALIA AUSTRALIA","167.41 SGD COMM.FEE 2.20 Flugstrecke: SINGAPORE CHANGI A Abflug:21/08/19 Von: YANGON Fluglinie: 3K Klasse: 00 Nach: SINGAPORE CHANGI A Fluglinie: 3K Klasse: 00 Flugschein Nummer: BCBHPY Fluggast: D PADMAKUMARAMALLIKAARACH Buchungsdatum 15/07/2019 Referenzwechselkurs 1.5187 Entgelt in &#8364; 2,20  Flugstrecke: SINGAPORE CHANGI A Abflug:21/08/19 Von: YANGON Fluglinie: 3K Klasse: 00 Nach: SINGAPORE CHANGI A Fluglinie: 3K Klasse: 00 Flugschein Nummer: BCBHPY Fluggast: D PADMAKUMARAMALLIKAARACH",
17/07/2019,"Reference: AT191980008000010037699"," 63,67","FLYMYA.COM SINGAPORE","69.61 USD COMM.FEE 1.25 Buchungsdatum 17/07/2019 Referenzwechselkurs 1.1152 Entgelt in &#8364; 1,25",
22/07/2019,"Reference: AT192040007000010028850"," 131,02","SCOOT-TIGERAIR SCOOT-TI THAILAND","4,415.00 THB COMM.FEE 2.57 Flugstrecke: BANGKOK Abflug:13/08/19 Von: SINGAPORE CHANGI A Fluglinie: TR Klasse: 00 Flugschein Nummer: WFSCPE Fluggast: DAMITH LAKMAL PADMAKUMARA Buchungsdatum 22/07/2019 Referenzwechselkurs 34.3714 Entgelt in &#8364; 2,57  Flugstrecke: BANGKOK Abflug:13/08/19 Von: SINGAPORE CHANGI A Fluglinie: TR Klasse: 00 Flugschein Nummer: WFSCPE Fluggast: DAMITH LAKMAL PADMAKUMARA",
29/07/2019,"Reference: AT192110007000010029094"," 5,51","GOJEK SINGAPORE","8.20 SGD COMM.FEE 0.11 HAENDLER: TRANSPORTATION SERVICES EINKAUF: d3ccafe3fb634f1ab98 ANZAHL: 000 BETRAG: .00 EINKAUF: ANZAHL: 000 BETRAG: .00 EINKAUF: ANZAHL: 000 BETRAG: .00 EINKAUF: ANZAHL: 000 BETRAG: .00 EINKAUF: ANZAHL: 000 BETRAG: .00 Buchungsdatum 30/07/2019 Referenzwechselkurs 1.5185 Entgelt in &#8364; 0,11  HAENDLER: TRANSPORTATION SERVICES EINKAUF: d3ccafe3fb634f1ab98 ANZAHL: 000 BETRAG: .00 EINKAUF: ANZAHL: 000 BETRAG: .00 EINKAUF: ANZAHL: 000 BETRAG: .00 EINKAUF: ANZAHL: 000 BETRAG: .00 EINKAUF: ANZAHL: 000 BETRAG: .00",
02/08/2019,"Reference: AT192140010000010033630"," 11,08","GOJEK SINGAPORE","16.40 SGD COMM.FEE 0.22 HAENDLER: TRANSPORTATION SERVICES EINKAUF: a457fdfeb9ef4cdb9d8 ANZAHL: 000 BETRAG: .00 EINKAUF: ANZAHL: 000 BETRAG: .00 EINKAUF: ANZAHL: 000 BETRAG: .00 EINKAUF: ANZAHL: 000 BETRAG: .00 EINKAUF: ANZAHL: 000 BETRAG: .00 Buchungsdatum 02/08/2019 Referenzwechselkurs 1.5101 Entgelt in &#8364; 0,22  HAENDLER: TRANSPORTATION SERVICES EINKAUF: a457fdfeb9ef4cdb9d8 ANZAHL: 000 BETRAG: .00 EINKAUF: ANZAHL: 000 BETRAG: .00 EINKAUF: ANZAHL: 000 BETRAG: .00 EINKAUF: ANZAHL: 000 BETRAG: .00 EINKAUF: ANZAHL: 000 BETRAG: .00",
05/08/2019,"Reference: AT192170008000010014697"," 9,61","GOJEK SINGAPORE","14.30 SGD COMM.FEE 0.19 HAENDLER: TRANSPORTATION SERVICES EINKAUF: f7a1e8a7e9094c0181e ANZAHL: 000 BETRAG: .00 EINKAUF: ANZAHL: 000 BETRAG: .00 EINKAUF: ANZAHL: 000 BETRAG: .00 EINKAUF: ANZAHL: 000 BETRAG: .00 EINKAUF: ANZAHL: 000 BETRAG: .00 Buchungsdatum 05/08/2019 Referenzwechselkurs 1.518 Entgelt in &#8364; 0,19  HAENDLER: TRANSPORTATION SERVICES EINKAUF: f7a1e8a7e9094c0181e ANZAHL: 000 BETRAG: .00 EINKAUF: ANZAHL: 000 BETRAG: .00 EINKAUF: ANZAHL: 000 BETRAG: .00 EINKAUF: ANZAHL: 000 BETRAG: .00 EINKAUF: ANZAHL: 000 BETRAG: .00",
05/08/2019,"Reference: 10000000010724999725900"," -640,82","LASTSCHRIFTEINZUG - VIELEN DANK"," Buchungsdatum 05/08/2019",
06/08/2019,"Reference: AT192180009000010031380"," 1005,55","AIRBNB * HMAKSQHCK2 LONDON"," Buchungsdatum 06/08/2019",
06/08/2019,"Reference: AT192180034000010003054"," 10,89","IPAY88*KLIAEKSPRES KUALA LUMPUR","49.50 MYR COMM.FEE 0.21 S/SE REF: Buchungsdatum 06/08/2019 Referenzwechselkurs 4.6348 Entgelt in &#8364; 0,21  S/SE REF:",
